C1,C2,Prediction,A1,A2,A3,A4
1.0453726610143155e-06,1.288898696553837e-06,1.043308e-06,8.998140249739401e-07,9.761989574986877e-07,7.307847525999997e-08,9.0069654688e-08
8.205222805421461e-07,1.2385380588288735e-07,8.178257e-07,7.734582546319998e-07,1.2940064969561988e-07,7.308910791399997e-08,9.012801192699992e-08
6.640244939556787e-08,1.339267322530123e-06,6.583834e-08,8.647412708489992e-08,9.79208457215673e-07,7.308323567099995e-08,9.044732437499996e-08
5.702774982795347e-07,1.460569242058671e-06,5.714441e-07,5.590327165563499e-07,9.841251443073668e-07,7.308212951900003e-08,9.022540946099996e-08
1.095938977814676e-07,4.4118249082697686e-07,1.1113709e-07,1.2292501441929994e-07,4.3957571106879684e-07,7.308646200199996e-08,9.042865126399993e-08
1.3366158696461512e-06,2.73127013150168e-07,1.3258849e-06,9.56570579542615e-07,2.7455707519128997e-07,7.308707583799998e-08,9.004632025499998e-08
2.65504615240498e-07,5.938260875630515e-07,2.672996e-07,2.689387382172e-07,5.878786480555719e-07,7.308263443499991e-08,9.035843958e-08
5.6625754374719456e-08,6.050785324311529e-07,5.8052326e-08,7.882053453639996e-08,5.986798145297779e-07,7.308417660200005e-08,9.045095302599988e-08
1.3897684700939163e-06,1.1784028278382308e-06,1.388521e-06,9.61129638802616e-07,9.657486707958477e-07,7.307808527099994e-08,9.00433867029999e-08
9.197117956092129e-07,6.288300916354293e-07,9.1922243e-07,8.40313407939671e-07,6.21387804598809e-07,7.307967958599992e-08,9.009581457299996e-08
1.2406119600398093e-06,1.06044940759561e-06,1.2492781e-06,9.45401900056527e-07,9.417022869341316e-07,7.307628561300001e-08,9.004913267100004e-08
1.2343767565521752e-06,9.586236455294963e-07,1.2314213e-06,9.4450208430965e-07,8.974142389911322e-07,7.307602754099991e-08,9.004932089799994e-08
1.2330395482290741e-06,1.4093201112761668e-06,1.2428854e-06,9.44312587186388e-07,9.823462104110045e-07,7.308094158299996e-08,9.005106681900001e-08
1.0419749757026228e-06,1.451846403672454e-06,1.0409154e-06,8.985863156674759e-07,9.838449815903905e-07,7.308108933299999e-08,9.007104420399992e-08
8.778441679346283e-08,1.12738190356101e-06,8.927602e-08,1.0403894912550002e-07,9.577826438568145e-07,7.307996554799996e-08,9.043725608499992e-08
9.798667250838487e-07,1.07063129151724e-06,9.814821e-07,8.72475691419236e-07,9.446861607271179e-07,7.307571197899991e-08,9.008092472899999e-08
9.093952977719023e-07,6.045058111562121e-07,9.0858686e-07,8.34120395411723e-07,5.981286762123059e-07,7.308006207600001e-08,9.009871598799996e-08
9.375840105179632e-07,6.101711773062278e-07,9.402751e-07,8.505797628264321e-07,6.035574783894229e-07,7.308001079e-08,9.009130511700004e-08
1.2586815427231424e-06,7.763276071166005e-07,1.2596834e-06,9.47867304228322e-07,7.580545291634849e-07,7.30780055309999e-08,9.004816587700002e-08
8.545648945441402e-07,1.1946358575060335e-06,8.573946e-07,7.9814002816033e-07,9.677648345088332e-07,7.307714156500006e-08,9.01148967069999e-08
3.254141958513779e-08,1.0282962028519462e-07,3.6248725e-08,6.15650775926999e-08,1.0960213030844005e-07,7.309410359499997e-08,9.046283637299997e-08
8.377855993217438e-07,1.0740446206333406e-06,8.402751e-07,7.861787669513001e-07,9.456387035865605e-07,7.307588871000004e-08,9.0119851101e-08
5.4548087960189665e-08,1.1388764381363542e-06,5.3967614e-08,7.725760187109993e-08,9.598356746939588e-07,7.308061482099989e-08,9.045142627799992e-08
2.808205934598673e-07,8.518291935259837e-07,2.8085404e-07,2.836462992235e-07,8.22309151667741e-07,7.307857223400002e-08,9.035086771099986e-08
1.3462481332203022e-06,9.190753791680886e-07,1.3377817e-06,9.57468805395526e-07,8.725501211577715e-07,7.30766948489999e-08,9.004411655499993e-08
4.3840399660750177e-07,1.3228880042659702e-06,4.3996556e-07,4.3488325239421986e-07,9.783119634677931e-07,7.308043590500004e-08,9.028187620599992e-08
3.926519696353153e-07,3.0847169857217004e-07,3.9409946e-07,3.9112102929267e-07,3.0928588795619013e-07,7.308709585599993e-08,9.030268544499988e-08
1.3775540260602226e-06,5.379869935077332e-07,1.3648348e-06,9.601588624342899e-07,5.339539278268211e-07,7.308240349599994e-08,9.004407087999998e-08
5.111943755254321e-07,1.0876151652289973e-06,5.1317596e-07,5.0387298912302e-07,9.491956024957815e-07,7.307705844599989e-08,9.024911216199988e-08
1.4034881576514572e-06,8.919261336602287e-07,1.4046657e-06,9.62162507872035e-07,8.533098068321409e-07,7.30771948140001e-08,9.004246141900005e-08
9.185919086801787e-08,1.0988808948156867e-06,9.351211e-08,1.0750480739400003e-07,9.518907628739628e-07,7.30796390179999e-08,9.043532066899988e-08
1.2946794178961054e-06,9.80698221415047e-07,1.2859224e-06,9.522423968678179e-07,9.094499065005196e-07,7.307617799699999e-08,9.0046183329e-08
8.129948539402043e-07,1.3267734261353441e-06,8.158791e-07,7.677989077986499e-07,9.785273901069429e-07,7.307920476499996e-08,9.012929868499997e-08
1.3991931083224094e-06,2.871010350671119e-07,1.3920537e-06,9.618419491900031e-07,2.882839626153199e-07,7.3087104842e-08,9.004434312800001e-08
2.607126006826591e-07,6.323770996198911e-07,2.6261134e-07,2.6434141163819997e-07,6.2477027111994e-07,7.308200412799995e-08,9.0360476498e-08
1.8590283324458762e-07,1.4293941329174425e-06,1.8871539e-07,1.930963053272e-07,9.830916768839115e-07,7.308355366399998e-08,9.039512672599991e-08
7.405109405512512e-07,1.2267176238833788e-07,7.3854125e-07,7.0996048045174e-07,1.2827852139423996e-07,7.308931798400008e-08,9.0156866905e-08
1.1791161249195086e-06,1.0762049536359293e-06,1.1811449e-06,9.353073116189341e-07,9.462243199135622e-07,7.307620000300003e-08,9.005330333599998e-08
4.5403026615501006e-07,1.4178405581528455e-07,4.5188696e-07,4.497625743762e-07,1.4652084345970006e-07,7.309004544000003e-08,9.027621898500003e-08
1.1132711294914769e-06,7.450659353272697e-07,1.1148475e-06,9.2067106116681e-07,7.299739067168159e-07,7.307800371699986e-08,9.005974181100002e-08
1.1695341139640552e-06,3.50667149781193e-07,1.1620056e-06,9.33451080359475e-07,3.507594218942999e-07,7.308499110599989e-08,9.005548852399988e-08
1.4970855413128876e-06,8.411866909979571e-07,1.4940745e-06,9.680467965514799e-07,8.13641675238022e-07,7.307811346399987e-08,9.004055625799992e-08
1.8411870919286266e-07,1.2512381598136317e-06,1.8597923e-07,1.914071439100999e-07,9.733794650667729e-07,7.308078432899992e-08,9.039500844299995e-08
1.4176688345146219e-06,1.4704345903160238e-06,1.3963711e-06,9.631862858724599e-07,9.844237114176158e-07,7.308268351899991e-08,9.004414380699998e-08
9.102158612184563e-07,6.345929322696516e-07,9.08487e-07,8.346200791318941e-07,6.268781130205188e-07,7.307956637799997e-08,9.009839818299989e-08
7.259732585049019e-07,8.962148358056913e-07,7.273786e-07,6.9776292104337e-07,8.564594299445927e-07,7.307622182099994e-08,9.0159972537e-08
3.9556589995969626e-07,1.0917800936269422e-06,3.953553e-07,3.9391727265618994e-07,9.502180655698522e-07,7.307760472599994e-08,9.0299819337e-08
1.0215263862744557e-06,1.7271723224796688e-07,1.0182114e-06,8.90746194723641e-07,1.7637852605066996e-07,7.30880355809999e-08,9.007479295699998e-08
2.789796837189208e-07,4.0460870466083994e-07,2.793645e-07,2.818767699822999e-07,4.0373027094741297e-07,7.308597439000005e-08,9.035300388799992e-08
4.247428897241546e-07,4.0657733637803774e-07,4.2540586e-07,4.218364921748199e-07,4.0566137733944995e-07,7.308520735799996e-08,9.028813589199999e-08
4.0402687763891955e-07,5.059009134893228e-07,4.0546243e-07,4.020203424166399e-07,5.02774723886091e-07,7.308349514599992e-08,9.029691698199996e-08
2.439083932374398e-07,1.6699436558078425e-07,2.4652994e-07,2.482397988291001e-07,1.7083139533552995e-07,7.309055609799996e-08,9.0369632076e-08
1.1042418089864707e-07,9.434199176475464e-07,1.11822054e-07,1.2366254106669984e-07,8.883518813272223e-07,7.307893555400001e-08,9.042692139199992e-08
1.2391038593289957e-06,2.7162669415717647e-07,1.2335881e-06,9.451826447308892e-07,2.730836787879999e-07,7.308676281499988e-08,9.005087876699998e-08
4.187689433465303e-07,1.241408577284622e-06,4.1819544e-07,4.1613193673746e-07,9.725352919272159e-07,7.307934541799997e-08,9.0290180762e-08
8.867323459901146e-07,8.820350668420553e-07,8.895157e-07,8.198555555776269e-07,8.459263134378779e-07,7.307602748199992e-08,9.010446757999989e-08
3.701572550697533e-07,9.928484176933628e-07,3.7094514e-07,3.6953836548923e-07,9.154962656323963e-07,7.307722025999988e-08,9.031082502400004e-08
6.355544783777581e-07,9.904196942205375e-07,6.3668807e-07,6.186526955189499e-07,9.143194243068445e-07,7.307611095199996e-08,9.019616053499991e-08
1.0991121125835802e-06,1.2604188571465872e-06,1.0958875e-06,9.16871433783748e-07,9.741157261628825e-07,7.307822138100006e-08,9.006199437399998e-08
3.0547749445788523e-07,1.3824445520983216e-06,3.0449755e-07,3.0736016041559986e-07,9.812599855156364e-07,7.308205358999995e-08,9.034117486400003e-08
3.6473103890852973e-07,5.009009535884207e-07,3.6618476e-07,3.6432496837020003e-07,4.97905536295206e-07,7.308374665499987e-08,9.031439583799991e-08
1.0742774329225818e-06,1.218875046889776e-06,1.0698716e-06,9.095296574923859e-07,9.704032442225744e-07,7.307751910099996e-08,9.006499508699997e-08
3.92972322217817e-07,2.401637289070653e-07,3.9277145e-07,3.9142817137064985e-07,2.4221204214847994e-07,7.308845778799986e-08,9.0302762473e-08
9.140017321042515e-07,2.922996242373257e-07,9.167029e-07,8.369081000142018e-07,2.933920363360199e-07,7.308577809500001e-08,9.009857707500002e-08
9.191121269387884e-07,9.463518410945213e-07,9.218168e-07,8.399606404400418e-07,8.901397401794653e-07,7.307550524299995e-08,9.009536663799996e-08
6.491933066496828e-07,1.0873472234350351e-06,6.503927e-07,6.3088525675733e-07,9.491266792765896e-07,7.307653410700005e-08,9.019079827200004e-08
2.1609544892503877e-07,1.4764985231288428e-06,2.1569828e-07,2.2170694831899995e-07,9.846105769583099e-07,7.308412237699995e-08,9.038182493699996e-08
1.0930037694981036e-06,8.480276211550448e-07,1.0938502e-06,9.15140801585037e-07,8.192268852699141e-07,7.307653362699993e-08,9.0061877158e-08
5.2779024993198084e-08,1.473850581584871e-06,5.6311098e-08,7.595899474209998e-08,9.845323780172943e-07,7.308562812599992e-08,9.045375611199988e-08
2.487219723644373e-07,7.588796020468593e-07,2.521505e-07,2.528490487782e-07,7.42468327435063e-07,7.307997822799987e-08,9.036547180599995e-08
1.2473773109186504e-06,2.0717119386443575e-07,1.2307274e-06,9.463446989207171e-07,2.099255885768599e-07,7.308794579799989e-08,9.005065980499994e-08
2.0557091346205212e-07,1.0019833524522729e-06,2.0630445e-07,2.1168631815229983e-07,9.197581534328071e-07,7.307808759600003e-08,9.038453448499998e-08
8.285041809097376e-07,8.417833139016394e-08,8.2479403e-07,7.793875035080599e-07,9.241722047308004e-08,7.308991625599997e-08,9.012541977709998e-08
7.243761920850667e-08,2.4037693092312787e-07,7.118049e-08,9.128876706290002e-08,2.424211833537901e-07,7.309062873900001e-08,9.0445606035e-08
1.0379387072519954e-06,7.857332554838352e-07,1.0358384e-06,8.970879886334351e-07,7.663657440755348e-07,7.307717192200001e-08,9.007003012299988e-08
1.2553626375763282e-06,3.0258135221062176e-07,1.2436204e-06,9.474269642402828e-07,3.0349637228005986e-07,7.308616338899987e-08,9.004990664799998e-08
8.454205870760304e-07,6.423535368112154e-07,8.4849745e-07,7.9166816924471e-07,6.34258533584444e-07,7.307951637099991e-08,9.011783430999997e-08
1.2074916583511366e-06,6.28654887278365e-07,1.2098457e-06,9.40319862239648e-07,6.21220175803852e-07,7.308019815399995e-08,9.005173273000002e-08
1.106629315482805e-06,7.46716470778735e-08,1.0962168e-06,9.18915568768446e-07,8.385810227287992e-08,7.309019346899989e-08,9.006289217909988e-08
1.2592255499289186e-06,2.0558266095654317e-07,1.2475534e-06,9.479365623597149e-07,2.0837436679324e-07,7.308807817799988e-08,9.005007027799994e-08
2.1251614603987367e-07,4.90109834613547e-07,2.1481004e-07,2.182816144611e-07,4.87388197057464e-07,7.308478933700009e-08,9.038255140199987e-08
9.726374126496128e-07,6.510948549692827e-07,9.717703e-07,8.689698198307829e-07,6.42551622820451e-07,7.307923679899997e-08,9.008286905899998e-08
1.2430362205564652e-06,5.915307801047713e-07,1.2417001e-06,9.45741517842992e-07,5.856701220590059e-07,7.308095664199997e-08,9.004958864399999e-08
1.367255480891794e-06,2.240354765639903e-07,1.3513462e-06,9.59307772104563e-07,2.264145532353e-07,7.308810795800002e-08,9.004546984899992e-08
7.540069635206108e-07,8.878218760970911e-07,7.559724e-07,7.211275087054898e-07,8.50272724463645e-07,7.307621206900003e-08,9.014933079499993e-08
1.3360568701920391e-06,1.172727208348168e-06,1.3433116e-06,9.56522477704162e-07,9.649930504350114e-07,7.3077807612e-08,9.004505041799989e-08
3.5796688024706673e-07,1.309485467462485e-06,3.6054536e-07,3.5783344452607e-07,9.775250140566628e-07,7.308060143100004e-08,9.031738805199997e-08
6.944469405533368e-07,1.4446873223899844e-06,6.9655226e-07,6.7076269496546e-07,9.836123332471718e-07,7.3081427998e-08,9.017413461599993e-08
5.560631572263211e-07,3.359436810616159e-07,5.5468456e-07,5.458436782408399e-07,3.362892158217e-07,7.308590079899992e-08,9.023122678e-08
1.219118103381826e-06,1.1007565904436494e-06,1.2227301e-06,9.42194562987892e-07,9.523035833235971e-07,7.307651319899992e-08,9.005057652399994e-08
2.848500184330122e-07,2.2780921190345413e-07,2.857637e-07,2.875171310907e-07,2.301087457653e-07,7.308922701899997e-08,9.03510667169999e-08
4.015255428231857e-08,2.4470346934865236e-07,3.7515083e-08,6.675470652129993e-08,2.4666282797607995e-07,7.309114274500003e-08,9.045906262299991e-08
1.928636606837341e-07,1.3232205499847224e-06,1.9324547e-07,1.996615967264e-07,9.78332785919214e-07,7.308181708799994e-08,9.039141121199996e-08
1.4056230200381006e-06,1.0993436629095128e-06,1.3919405e-06,9.62320716004741e-07,9.519813426589472e-07,7.307722711899995e-08,9.00426345599999e-08
9.068630321338395e-07,1.2006515247558728e-06,9.0833237e-07,8.325768472672369e-07,9.68457744326718e-07,7.307712844300006e-08,9.009932737699997e-08
1.0000071492592848e-06,1.0472403394266183e-07,9.963074e-07,8.8170630374037e-07,1.1137017759703977e-07,7.308939817600008e-08,9.00791104299999e-08
1.1677242388573872e-06,1.0053256259459817e-06,1.1673048e-06,9.330953668640058e-07,9.212435048309403e-07,7.307577236999996e-08,9.005407145600001e-08
1.4242461165103368e-06,4.0186672651649657e-07,1.4213256e-06,9.63633589332331e-07,4.0103948965383786e-07,7.308511734699984e-08,9.004328372e-08
1.202901462861742e-06,1.321987684829106e-06,1.2090171e-06,9.39560255090617e-07,9.782549281886023e-07,7.307940191299999e-08,9.005265486399994e-08
5.19406084259456e-07,3.066655174035553e-07,5.1859524e-07,5.1158949890866e-07,3.0751065554874005e-07,7.308657030299996e-08,9.024712369899992e-08
1.0906247074143236e-06,1.2598883387595457e-06,1.0880218e-06,9.144611015530159e-07,9.74073786169934e-07,7.307817098399986e-08,9.006312322999989e-08
7.342343683827825e-07,8.672266942086886e-07,7.3634703e-07,7.0471640560084e-07,8.34534216476107e-07,7.307648737900004e-08,9.015681964599989e-08
2.680864738358244e-07,9.783791206986637e-08,2.6874974e-07,2.7141633933259986e-07,1.049604422490599e-07,7.309191331099997e-08,9.035912447399992e-08
4.4177405792879256e-07,1.054912119700505e-06,4.4368187e-07,4.3809248399706994e-07,9.399965510944626e-07,7.307704630399996e-08,9.027923844599988e-08
7.338917093577055e-07,9.925221634777605e-07,7.3487956e-07,7.0442989353551e-07,9.153336510463684e-07,7.3075762676e-08,9.015691291399997e-08
4.38212465548347e-07,4.0253734681113634e-07,4.389893e-07,4.346942779823098e-07,4.01697961336998e-07,7.3085214857e-08,9.028214262999993e-08
9.664966959262906e-07,6.017868931206246e-07,9.684501e-07,8.65916730515358e-07,5.95520662558049e-07,7.308013723299995e-08,9.008441923799997e-08
1.4059365504503524e-06,6.195880990812046e-07,1.4006569e-06,9.62340919152764e-07,6.125652571906961e-07,7.30811179329999e-08,9.004309605399999e-08
1.196886227599497e-06,1.1907241597599014e-06,1.1972134e-06,9.38527962429418e-07,9.672964220508472e-07,7.307747032399996e-08,9.005240767599997e-08
5.859308561690506e-07,2.719070970183852e-07,5.848271e-07,5.734679229956501e-07,2.7335904408688e-07,7.308694765899996e-08,9.0218812725e-08
6.213435102262714e-07,1.3545328604080641e-06,6.1917524e-07,6.0582051772477e-07,9.799776723411265e-07,7.3080267128e-08,9.020341063999996e-08
1.0234196269680236e-06,2.989905727535169e-07,1.0195365e-06,8.91501947560544e-07,2.9996731270205987e-07,7.308562081899999e-08,9.007403700199988e-08
6.094371205435418e-07,1.3364443731224104e-06,6.087466e-07,5.949990914716799e-07,9.79055802089531e-07,7.308001993299994e-08,9.020831176799998e-08
2.4846068435230534e-07,4.4189254896818076e-07,2.4696837e-07,2.525983310269999e-07,4.402708342154229e-07,7.308544983899992e-08,9.036662969399992e-08
4.959955676328036e-07,1.5646384483740695e-07,4.955486e-07,4.895448107658599e-07,1.6064932692874988e-07,7.308957009200001e-08,9.025782813499992e-08
4.998551821020819e-07,3.4111970685824834e-08,4.986477e-07,4.9318720321963e-07,5.012370021070003e-08,7.3092359457e-08,9.025686545490001e-08
8.10412315910283e-07,6.53626040545989e-07,8.1372366e-07,7.6583142418284e-07,6.44949652328911e-07,7.307938941099984e-08,9.012950415800001e-08
8.405461175919702e-07,5.98953026504712e-07,8.425787e-07,7.881710876650898e-07,5.928013837734399e-07,7.30802958209999e-08,9.011952785699998e-08
3.0634328529746787e-08,8.466325726038177e-07,2.9762324e-08,6.029907527179997e-08,8.18101673578801e-07,7.308099532299991e-08,9.0461033359e-08
3.557854404311685e-07,5.037907585364198e-07,3.5724992e-07,3.557295721202e-07,5.007201432694809e-07,7.308370170499997e-08,9.031831667699992e-08
8.090371150969383e-07,2.882142614430568e-07,8.104146e-07,7.6478287287627e-07,2.8937779654470986e-07,7.308597881699996e-08,9.013125205500005e-08
4.79692354978288e-07,2.446938085142569e-07,4.7919997e-07,4.741266941705699e-07,2.4665324401118e-07,7.308792763499997e-08,9.026459511899998e-08
5.464986511935555e-07,1.018947879624954e-06,5.452923e-07,5.369423611440199e-07,9.270433230415979e-07,7.307651258699999e-08,9.023364887799992e-08
9.214890977514109e-07,8.399361966759851e-07,9.242695e-07,8.413618957131601e-07,8.12617588084539e-07,7.307647298600001e-08,9.009485865499997e-08
9.722923657120114e-07,1.3926864142268648e-07,9.713483e-07,8.687980630768059e-07,1.4410914179209994e-07,7.30887038659999e-08,9.008480799999994e-08
1.2412277725918459e-06,6.469133234472135e-07,1.2415405e-06,9.454864370985399e-07,6.385863977083239e-07,7.307997930699999e-08,9.004950724299999e-08
1.322970465450084e-06,9.861731762102533e-09,1.3315604e-06,9.55241013194358e-07,3.393037274590003e-08,7.309283167800003e-08,9.00483157444e-08
1.8599451573387846e-07,3.1777287503692023e-07,1.8620439e-07,1.931615065389001e-07,3.1842841226203995e-07,7.308806177099997e-08,9.039508762799996e-08
1.4145821927847338e-06,4.84637620277084e-07,1.4016298e-06,9.629616974928872e-07,4.820491173371571e-07,7.308348888300001e-08,9.004329901699998e-08
1.0216689916191948e-06,1.3785876024686444e-06,1.0186493e-06,8.908151751262921e-07,9.810872801972425e-07,7.307985523799992e-08,9.007410102999996e-08
6.210933380080553e-07,5.161348444397726e-07,6.1802945e-07,6.055882013473299e-07,5.12732443898216e-07,7.3082331788e-08,9.020319968399992e-08
1.4951162900742922e-07,3.407967498846576e-07,1.4925924e-07,1.5908485959869995e-07,3.4105938091139987e-07,7.308790678699998e-08,9.041135470500004e-08
4.178348123343757e-07,1.2957773576058472e-06,4.200209e-07,4.1523969584969995e-07,9.766613531790257e-07,7.308019424799995e-08,9.029084572099989e-08
1.0940709788796465e-06,5.275791267183226e-07,1.0933647e-06,9.154441413663059e-07,5.238534273324297e-07,7.308160842900003e-08,9.006263162099994e-08
1.3446791484931949e-06,3.756951034337521e-07,1.3350264e-06,9.57323146614122e-07,3.753479019719658e-07,7.308520245400001e-08,9.004568997999988e-08
7.560670608770036e-07,1.4127391459488269e-06,7.5730503e-07,7.2282365671901e-07,9.824790123363352e-07,7.308073855899992e-08,9.015021452500004e-08
2.9171624785811194e-07,7.05530126417075e-07,2.9205933e-07,2.9411717125299995e-07,6.93648499050401e-07,7.308056996799996e-08,9.0346289794e-08
1.4792536295464286e-06,6.032090346434564e-07,1.4638457e-06,9.6706226654805e-07,5.96884132455685e-07,7.308167107499989e-08,9.004148958400001e-08
1.3451196224911549e-06,2.6191863379699693e-07,1.3328564e-06,9.57363242855576e-07,2.6355219215055e-07,7.308731417800008e-08,9.004612711999992e-08
1.1059615864111846e-06,2.1833136390395607e-07,1.1016631e-06,9.187366092023979e-07,2.2083355995463995e-07,7.308734446799992e-08,9.006233127399994e-08
1.2091507015143726e-06,1.4936918768316755e-07,1.1952635e-06,9.4059134889046e-07,1.5381077467968994e-07,7.308897573399991e-08,9.005327658299998e-08
4.192378122250096e-08,3.008121327025618e-07,4.1787036e-08,6.799938184309998e-08,3.0175781677798016e-07,7.309004406000007e-08,9.0458212739e-08
2.5020696986803315e-09,1.0826760111666323e-06,6.749379e-09,4.394414042529984e-08,9.479465438949785e-07,7.308126892149997e-08,9.047204659099993e-08
1.3645751796726366e-06,5.815111793074886e-07,1.3549701e-06,9.59082003303395e-07,5.760279021940049e-07,7.308158949800001e-08,9.004431680899991e-08
1.179284257990831e-06,1.1618663590691313e-06,1.1768163e-06,9.35340387905636e-07,9.634644999245086e-07,7.307709079199994e-08,9.005364455799999e-08
1.229167618352139e-06,8.179309602595249e-07,1.2299405e-06,9.437306707827959e-07,7.942170618141959e-07,7.307729667800001e-08,9.004977150099997e-08
3.447154061896637e-07,1.502611556762752e-07,3.447402e-07,3.4508786401828e-07,1.5466932032200991e-07,7.309039389899987e-08,9.032454353699992e-08
3.5053206995207864e-08,9.004623487229855e-07,3.57788e-08,6.324327504840004e-08,8.595423803554951e-07,7.308032770399988e-08,9.045910215e-08
1.3780671691821607e-07,1.4079438371526959e-06,1.4058323e-07,1.4835263593879992e-07,9.82300037113824e-07,7.308357682399992e-08,9.041641560299997e-08
2.7118439450833087e-08,1.1775714624342285e-06,2.703367e-08,5.804483009089997e-08,9.656512658101015e-07,7.308155876899992e-08,9.046280592600002e-08
3.1997285642294807e-07,1.4219226094751542e-06,3.172306e-07,3.2130295320522985e-07,9.828229557818257e-07,7.308261247699995e-08,9.033495818899993e-08
9.39391700498296e-07,9.736026023054865e-07,9.420595e-07,8.515873964100489e-07,9.057349589875496e-07,7.307543141299994e-08,9.009013965799989e-08
5.604535198981419e-07,9.380159519630932e-07,5.617911e-07,5.499229530414499e-07,8.849711546834484e-07,7.307648808699995e-08,9.0227720136e-08
9.342932128018539e-08,9.763133719689936e-07,9.436453e-08,1.088430705270999e-07,9.0718457551071e-07,7.307905445700003e-08,9.043445825099996e-08
2.1365801082727237e-08,1.0499004350561855e-06,2.342775e-08,5.444647159749987e-08,9.38385222376872e-07,7.3080453078e-08,9.046467820899988e-08
6.967926847082024e-07,1.2408041590415995e-06,6.9776297e-07,6.7279333197353e-07,9.724789185022518e-07,7.307824124699992e-08,9.017226983099998e-08
5.500963021076357e-07,4.170901573614002e-07,5.496435e-07,5.4029251738352e-07,4.159710169268479e-07,7.308442352999986e-08,9.0233485583e-08
5.14281760267878e-07,6.433581412001775e-07,5.1352566e-07,5.067748266651199e-07,6.352139114276832e-07,7.308054621399995e-08,9.024813331899992e-08
5.398764308199109e-07,4.917748407851107e-07,5.395795e-07,5.307615268710399e-07,4.89011245133738e-07,7.308309981099994e-08,9.023764286499996e-08
7.745391912292227e-07,1.2889238770312686e-06,7.767389e-07,7.3779368427162e-07,9.762027793527902e-07,7.307869623499997e-08,9.0142770216e-08
9.888772116463456e-07,1.1610283637611028e-06,9.897815e-07,8.76703805908115e-07,9.633432809012107e-07,7.307666097999989e-08,9.007934329799998e-08
8.517757245119167e-07,1.0700276449978457e-06,8.5367947e-07,7.9617873441581e-07,9.445172227341381e-07,7.30758359969999e-08,9.011531055599999e-08
2.081867602275017e-08,5.657863203715161e-07,1.8084242e-08,5.410872127919997e-08,5.608627092500148e-07,7.308562954900001e-08,9.0465772534e-08
5.083007428969051e-07,1.2476603447841324e-06,5.092298e-07,5.0115146690074e-07,9.730754109864806e-07,7.307903144e-08,9.025093669299992e-08
4.363159611937378e-07,1.3793745502220292e-06,4.3552978e-07,4.3289249520172995e-07,9.811259543496496e-07,7.308136079199997e-08,9.028303117599997e-08
4.99990109519024e-07,3.657554156824997e-07,5.0026136e-07,4.933146539901301e-07,3.6558494118777984e-07,7.308563776999995e-08,9.025529571199997e-08
6.361559924288369e-07,6.233726714773689e-07,6.364697e-07,6.191926953384299e-07,6.161819626088321e-07,7.308039371399998e-08,9.019663407299991e-08
4.4311162775110903e-07,6.882445955468646e-07,4.439829e-07,4.3936539639146985e-07,6.775386587721889e-07,7.308014237199997e-08,9.027902165399988e-08
1.219694505087709e-06,3.1088850629531675e-07,1.2141945e-06,9.422799905946708e-07,3.1166122377982e-07,7.308592876399998e-08,9.005197006899998e-08
7.668162129070846e-07,1.386683282658419e-06,7.6760284e-07,7.315761288767098e-07,9.8143721179435e-07,7.308030674699985e-08,9.014616359099993e-08
3.4950279370592506e-07,1.3456764836098548e-06,3.512376e-07,3.4969915512401e-07,9.795383946799684e-07,7.308128109499999e-08,9.032141132299988e-08
1.4051573486744358e-06,1.3148623024016399e-06,1.3975373e-06,9.6228920256421e-07,9.778399177168809e-07,7.308016786099991e-08,9.004361655599996e-08
8.412629384443517e-07,9.824254008646029e-07,8.4372994e-07,7.8868951448581e-07,9.103382646291859e-07,7.307549253500002e-08,9.011854358799992e-08
8.234513094588348e-07,6.994351287476872e-07,8.2500685e-07,7.756455365546498e-07,6.879795938679539e-07,7.307861954399985e-08,9.012490235899989e-08
4.678147060028308e-07,2.905156454617641e-07,4.6832676e-07,4.6286342766308004e-07,2.9163915257735e-07,7.308709543499999e-08,9.026956913999988e-08
4.058779607354855e-07,1.002427830438473e-06,4.064143e-07,4.037944768009499e-07,9.199563656315249e-07,7.307705454699996e-08,9.029501596699996e-08
5.869927394925073e-07,1.3041470327736016e-06,5.8727204e-07,5.744497392189399e-07,9.7719400159488e-07,7.307960467999986e-08,9.021754954699991e-08
4.363286908405072e-07,1.0041752200864028e-06,4.3615714e-07,4.3289915233836003e-07,9.207415847153513e-07,7.307694287199997e-08,9.02815332009999e-08
6.883664958261957e-07,1.1602087642695095e-06,6.8705236e-07,6.6547197760889e-07,9.63226024619937e-07,7.307716637499998e-08,9.017522099499996e-08
1.3591448711544978e-06,5.256193990442587e-08,1.3383823e-06,9.58614093346413e-07,6.474939879198992e-08,7.309169304299997e-08,9.004653828840002e-08
1.0160093908458974e-06,7.438514674536231e-07,1.0163677e-06,8.88511265305006e-07,7.288706112411739e-07,7.307778851699999e-08,9.007386803699996e-08
5.662834063737379e-07,7.056086447610807e-07,5.6614823e-07,5.553284193811399e-07,6.937200449633749e-07,7.307936667900003e-08,9.022565645399992e-08
1.4124745112964236e-06,4.254220525896493e-07,1.4034794e-06,9.62811874312983e-07,4.241372638477179e-07,7.30845807919999e-08,9.004348601399994e-08
1.0698928135510002e-06,3.248998157528949e-07,1.0666693e-06,9.081320918044139e-07,3.2543362925693003e-07,7.308523936000003e-08,9.006659552799994e-08
1.0725822390474177e-06,1.4422360693254447e-06,1.0690549e-06,9.090003204756687e-07,9.835282413409814e-07,7.308099517499994e-08,9.006634368099998e-08
4.577602219788662e-08,1.0579447911149068e-06,4.7324267e-08,7.076011826359992e-08,9.409487722337484e-07,7.308002204499994e-08,9.045490406499997e-08
5.697955313056046e-07,1.7724715328097943e-07,5.698845e-07,5.5857956786807e-07,1.807752020598199e-07,7.308886489199986e-08,9.022602329199996e-08
3.644258319385912e-07,2.565264786787057e-07,3.655146e-07,3.6403161869334994e-07,2.582602494119798e-07,7.308824111700003e-08,9.031538017499996e-08
6.504978148567285e-07,3.7159994253913046e-07,6.5018287e-07,6.3204775889274e-07,3.7132594461264795e-07,7.308493912899993e-08,9.019159275399992e-08
6.183912902163336e-07,3.559242531665689e-07,6.201154e-07,6.031371171540999e-07,3.5592562405076e-07,7.308535002800005e-08,9.020488717200004e-08
2.121804549646839e-07,1.0815948360872657e-07,2.1185436e-07,2.1796222920479993e-07,1.1458561044280989e-07,7.309198100800003e-08,9.038416273999992e-08
8.308499698491541e-07,4.377263856760084e-07,8.331697e-07,7.811147952572598e-07,4.36191009255666e-07,7.3083196482e-08,9.012327937399992e-08
1.3192313890470608e-07,3.1444000270564066e-07,1.317414e-07,1.429611023158e-07,3.151524575564e-07,7.308859722699998e-08,9.041928936899996e-08
3.4189815511943216e-07,1.223463325280157e-06,3.4341917e-07,3.423851486266e-07,9.70867282460762e-07,7.307948160100004e-08,9.032418044799992e-08
1.4921686351802487e-06,8.229956523368248e-07,1.4901875e-06,9.677810571245887e-07,7.985012625760471e-07,7.307834291100001e-08,9.004063355499993e-08
1.294721740944173e-06,2.315764447406448e-07,1.2878002e-06,9.522440367077992e-07,2.337979394555601e-07,7.308774354599997e-08,9.004822646399991e-08
1.3497789498166416e-06,8.116806197030418e-07,1.3463931e-06,9.5778824871549e-07,7.888894555178309e-07,7.307783728199997e-08,9.0044224513e-08
6.373723012850491e-07,5.071891299504018e-07,6.3664254e-07,6.202866266073201e-07,5.040284244940929e-07,7.308249831499993e-08,9.019644469300002e-08
6.547924931915915e-07,9.193570708669731e-07,6.56726e-07,6.3587885049438e-07,8.727483432861341e-07,7.307628155500005e-08,9.018827416999995e-08
2.1441357072411526e-07,7.301548321617185e-07,2.1604144e-07,2.2008698709119984e-07,7.16370823260049e-07,7.30806071409999e-08,9.038091703499997e-08
7.429748686125714e-07,1.3216109976927348e-09,7.4257235e-07,7.120108163184798e-07,2.931404849109997e-08,7.309256142099994e-08,9.015691540489996e-08
1.4550708607408104e-06,7.952987104565122e-08,1.4156803e-06,9.656320005856491e-07,8.82121831112799e-08,7.309148553099999e-08,9.004392896759992e-08
6.802491586945273e-07,5.35844481253672e-07,6.8111575e-07,6.583743345867899e-07,5.318767484066839e-07,7.308179149799991e-08,9.017899971799992e-08
4.906686413873297e-07,1.1132051462434451e-06,4.9453877e-07,4.845156382242899e-07,9.550002650179895e-07,7.3077404817e-08,9.025805479099993e-08
2.6839563729688097e-07,6.598945947500732e-07,2.70065e-07,2.7171350522440004e-07,6.50881183041273e-07,7.30814802159999e-08,9.035695653699998e-08
5.366081544958042e-07,8.408182642770051e-08,5.363144e-07,5.2770734800861e-07,9.232947614652987e-08,7.309093002799996e-08,9.024059145769994e-08
5.314595254067647e-07,8.258352693846007e-07,5.316129e-07,5.2289172884801e-07,8.008977164833721e-07,7.307769231099996e-08,9.02402231309999e-08
4.501998754736702e-07,3.3848679205750646e-07,4.5026866e-07,4.4611707234498005e-07,3.3878881474755996e-07,7.3086283232e-08,9.027709720500002e-08
8.160900487210227e-07,8.839877649725975e-07,8.164134e-07,7.701324516358699e-07,8.474002186144341e-07,7.307605567799995e-08,9.012706010600005e-08
1.478041469739079e-06,2.870023587963893e-07,1.4621368e-06,9.669925404786258e-07,2.8818695603395e-07,7.308740670099997e-08,9.004260916300002e-08
7.16072447091055e-07,8.315210433017772e-07,7.187359e-07,6.893587275370299e-07,8.056527001191309e-07,7.307698370999987e-08,9.01639040439999e-08
1.0935981877759363e-06,5.162250408400593e-07,1.0907897e-06,9.153091542243068e-07,5.128194060351518e-07,7.308176624999989e-08,9.006275668699992e-08
1.4661516471058114e-06,8.317903637398658e-07,1.4601035e-06,9.66302930458674e-07,8.058721689801998e-07,7.307806830499999e-08,9.0041064192e-08
1.0854260975894895e-06,1.1858089217813451e-06,1.0812003e-06,9.129336360532301e-07,9.66695202122715e-07,7.307710339899988e-08,9.006340899999991e-08
1.879163589590172e-07,2.950984738675509e-07,1.8815219e-07,1.9497400697930006e-07,2.9614256743387997e-07,7.308854538099991e-08,9.039428862199995e-08
7.388993670097044e-09,2.316862424655718e-07,3.406531e-09,4.6478389591500004e-08,2.3390563220170003e-07,7.309217360069996e-08,9.047218413499992e-08
8.290511052090919e-07,1.1100726979781606e-06,8.324177e-07,7.797957156141798e-07,9.543419181609449e-07,7.307615764100003e-08,9.0122929013e-08
1.1082983799342706e-06,7.942868767232787e-07,1.1067273e-06,9.193643633393787e-07,7.738592474861489e-07,7.307722014799999e-08,9.006017759799992e-08
1.3716567792970108e-07,2.9896930246359265e-08,1.3352032e-07,1.4774069102970006e-07,4.7024061654299885e-08,7.309446922400002e-08,9.041824070160004e-08
7.441759182038695e-07,1.3662637436454654e-06,7.450121e-07,7.130156777720198e-07,9.805343515601013e-07,7.308001248899996e-08,9.015450187399997e-08
1.3279743560274686e-07,5.3994876375784984e-08,1.3267113e-07,1.4375659178509992e-07,6.594436300234986e-08,7.309376758900006e-08,9.042000978549989e-08
6.851680808161846e-07,1.2743233396529242e-06,6.8746203e-07,6.6268283111373e-07,9.751765497787351e-07,7.307873197499995e-08,9.017701586099994e-08
1.396785360612233e-06,1.0573658799894244e-07,1.3731145e-06,9.61660731534251e-07,1.1231701972125995e-07,7.309056956799995e-08,9.0045193576e-08
1.1702035353889777e-06,3.0319857606062653e-07,1.1663006e-06,9.3358304145785e-07,3.0410299063525986e-07,7.308591345099998e-08,9.005561979499998e-08
6.035684280335953e-07,1.185870512216538e-06,6.0284503e-07,5.896424542835799e-07,9.667079973515114e-07,7.307773190399993e-08,9.021003662699992e-08
1.2329059911301431e-06,7.324824801413737e-07,1.229605e-06,9.44284987548938e-07,7.184979909497559e-07,7.307850774599997e-08,9.004970365099994e-08
2.9924757895879967e-07,3.3365917784060986e-07,2.9909208e-07,3.013579447997199e-07,3.3404383760818e-07,7.308716196399982e-08,9.034423176200001e-08
3.7509070566750344e-07,6.384942811551721e-07,3.7695267e-07,3.7427374751399004e-07,6.305920440641099e-07,7.308127478099997e-08,9.030925928099993e-08
1.2801617488780684e-06,4.6173823750444223e-07,1.2721218e-06,9.505566651536488e-07,4.59684669436354e-07,7.308335762199996e-08,9.004804775899995e-08
1.0934389740807188e-06,1.295178146013762e-06,1.0903234e-06,9.15272034910788e-07,9.766164775497746e-07,7.30787510829999e-08,9.006289938099994e-08
1.4687355287310042e-06,7.940463249333243e-07,1.4602452e-06,9.66455284689815e-07,7.73647840849108e-07,7.307859386299987e-08,9.004113612499997e-08
3.518223526644888e-07,2.9542525776513116e-08,3.5230065e-07,3.51920297734e-07,4.676769019140004e-08,7.309311163000001e-08,9.032211293269992e-08
4.3635268194989673e-07,1.483848638051886e-06,4.3650664e-07,4.3292928010565003e-07,9.84822715473202e-07,7.3083110078e-08,9.0283587124e-08
1.617761227583501e-07,5.1798560417426305e-08,1.594254e-07,1.7046054825e-07,6.411571175623005e-08,7.309361091100002e-08,9.040710791199991e-08
6.927123684439907e-08,7.304628954296273e-07,7.110261e-08,8.873221049689996e-08,7.16653347745783e-07,7.308191249400001e-08,9.044525691299994e-08
9.069289467092152e-07,1.1457319530363522e-06,9.0795936e-07,8.326163524017389e-07,9.609736504559444e-07,7.307643475799999e-08,9.009914222700002e-08
5.363467241590054e-07,1.9191369573631773e-07,5.356451e-07,5.274629486009899e-07,1.9504200497247995e-07,7.308869561899997e-08,9.024021366499993e-08
1.169484892797402e-06,3.6420967277860643e-07,1.1624264e-06,9.334414072590081e-07,3.640659769617599e-07,7.308474231099991e-08,9.005546937999999e-08
9.659614467158018e-08,1.2130072428124978e-06,9.866172e-08,1.1158316386429987e-07,9.698098655511215e-07,7.308092069199989e-08,9.0433713891e-08
4.2900054702058244e-07,7.307596986949577e-07,4.3011642e-07,4.2590358757107995e-07,7.169239853253541e-07,7.307948594299988e-08,9.028520832899992e-08
1.0259305824044417e-06,3.3721504780183046e-08,1.0194287e-06,8.924932478116079e-07,4.983179313039984e-08,7.309112318299985e-08,9.00747720544e-08
1.247223599178483e-06,8.034386275657606e-07,1.2468049e-06,9.463256837461392e-07,7.81803750813318e-07,7.307755693499997e-08,9.004869992499992e-08
1.0433541861704096e-06,3.719892011773313e-07,1.0403289e-06,8.990758410510599e-07,3.7170813402329605e-07,7.308431026199991e-08,9.007035405099997e-08
1.1134396286623196e-06,3.3160579142702713e-07,1.1088064e-06,9.207129524098801e-07,3.3202524890465994e-07,7.308521724899999e-08,9.006101762200006e-08
5.266896615402422e-07,1.2948527350576576e-06,5.279753e-07,5.184279388613e-07,9.76599872000445e-07,7.307964348799987e-08,9.024327437699992e-08
1.0833988473235293e-06,2.674626045847025e-07,1.0754304e-06,9.1232070028782e-07,2.6899479091398e-07,7.308628476399988e-08,9.006493671599998e-08
4.697671356172719e-07,1.266347378159749e-06,4.694737e-07,4.6472159641654996e-07,9.745822319499146e-07,7.307949463600003e-08,9.026788529899996e-08
1.1605358155311722e-06,1.4209039560340376e-06,1.159549e-06,9.316438853590069e-07,9.82780420754999e-07,7.308087556599998e-08,9.005644721899992e-08
6.565148061591019e-07,5.426146340609909e-07,6.558507e-07,6.3741098150106e-07,5.384415659927428e-07,7.30817378759999e-08,9.018852491399988e-08
6.529152249869702e-07,6.272841736970885e-07,6.545954e-07,6.342051066913399e-07,6.199144620144879e-07,7.308034100799994e-08,9.01896832379999e-08
6.214332892880884e-07,1.0633535436547302e-06,6.2304656e-07,6.058983977366099e-07,9.425832471627822e-07,7.3076400546e-08,9.020211594099996e-08
7.231316454158205e-08,1.865883314568281e-07,7.291745e-08,9.118814051039997e-08,1.8985673130800988e-07,7.309170033299994e-08,9.044580937899998e-08
1.165753312906109e-06,1.4329396332816204e-06,1.1660848e-06,9.327076505058088e-07,9.832099809810731e-07,7.308113711100003e-08,9.005611027799994e-08
2.5673469870564265e-07,6.60853932310624e-07,2.5818636e-07,2.6052699044939985e-07,6.51787586312388e-07,7.308156561899994e-08,9.036221211100003e-08
9.530015709128504e-07,1.2919694784356266e-06,9.534845e-07,8.58963499434278e-07,9.764056280726595e-07,7.307847876299992e-08,9.008795756200004e-08
4.2466285278229934e-08,1.1067353632430006e-06,4.269977e-08,6.839373747459997e-08,9.536379840376115e-07,7.308044664100001e-08,9.045639211699994e-08
1.3718543166508663e-06,4.303843823148275e-07,1.3658457e-06,9.596920752881581e-07,4.2899948027776477e-07,7.308434208900003e-08,9.0044687753e-08
1.2282378579399929e-06,7.676890165065958e-07,1.2275281e-06,9.435909787031748e-07,7.503621225916419e-07,7.3078007639e-08,9.004991214999998e-08
9.392486667788787e-07,1.1003980490065928e-06,9.4175056e-07,8.515099696842369e-07,9.522251754103321e-07,7.307591866599996e-08,9.009039978700003e-08
1.1953260276434559e-06,1.4072923104262764e-06,1.199132e-06,9.38259737921055e-07,9.822682204190569e-07,7.308076489799996e-08,9.005360665799992e-08
8.734497366248785e-07,4.091969875662157e-07,8.7680763e-07,8.11086135286873e-07,4.08230517124639e-07,7.308365371099997e-08,9.010982019999988e-08
2.484178832024417e-07,4.799621750911913e-07,2.5002188e-07,2.525573726489001e-07,4.774877712436689e-07,7.308471505600003e-08,9.036650463299996e-08
6.937157966381574e-08,1.3152033530785237e-06,6.8476844e-08,8.884318610760002e-08,9.778689870070878e-07,7.308284325800001e-08,9.044592324999992e-08
1.3725831458585337e-06,1.8870090630124713e-07,1.358138e-06,9.59751647680243e-07,1.919132232219699e-07,7.308882281400003e-08,9.0045509996e-08
5.941999751449698e-07,2.8373047646860054e-07,5.9285173e-07,5.8106354109142e-07,2.8497248875359e-07,7.308671720499995e-08,9.021525935299999e-08
7.560741704345956e-07,6.994829486210197e-07,7.581599e-07,7.228225228393198e-07,6.8802440514485e-07,7.307876856599996e-08,9.014898118699988e-08
1.4235079819440966e-06,1.4052093640812171e-06,1.401039e-06,9.63589818017774e-07,9.82186430158969e-07,7.308166571000003e-08,9.004357613599992e-08
9.38570777278025e-09,1.9172039429232613e-07,8.072921e-09,4.7551417001399865e-08,1.948539339189e-07,7.30928640342999e-08,9.0471509486e-08
5.791880785879435e-07,1.333355361640048e-06,5.7911126e-07,5.6726224092502e-07,9.788905223063678e-07,7.308007843099995e-08,9.022101926799986e-08
1.4187722887846038e-06,1.186141286687832e-06,1.4101479e-06,9.632598884189051e-07,9.66734401333277e-07,7.307830263699997e-08,9.004270495199992e-08
1.355338117723413e-06,8.766183093722807e-08,1.3375271e-06,9.58281178518183e-07,9.559179113700002e-08,7.309082686599997e-08,9.004653296930004e-08
2.7002018010241937e-08,1.4193563770042048e-06,3.268737e-08,5.7997968774099874e-08,9.827294679301957e-07,7.308525961699985e-08,9.046398753999996e-08
1.2049844852035982e-06,6.725036208753965e-07,1.2033952e-06,9.399031921609207e-07,6.627677295538961e-07,7.307939296999997e-08,9.0051702999e-08
6.21453167995537e-08,1.4941403305780417e-06,6.509148e-08,8.313473405599989e-08,9.851135680420403e-07,7.308586151999993e-08,9.044985189600004e-08
1.4704211525850382e-06,7.520007686513024e-07,1.466145e-06,9.665539292645649e-07,7.362575051277532e-07,7.307923359599995e-08,9.00412053539999e-08
2.7927232876217307e-07,2.1354336386342953e-07,2.8074973e-07,2.8215782441640005e-07,2.1615179163517007e-07,7.3089509818e-08,9.035357551699996e-08
1.3361868517065842e-06,1.466111007505073e-06,1.3327349e-06,9.56538854914481e-07,9.84292671393891e-07,7.30823205389999e-08,9.0046497753e-08
1.0662204981500486e-06,1.1108746456836116e-06,1.0632472e-06,9.069513795210208e-07,9.54507895402415e-07,7.307622273200007e-08,9.00656783069999e-08
6.304925771172779e-07,2.012002065933529e-07,6.305916e-07,6.140888929380201e-07,2.0409652338257e-07,7.308819731799995e-08,9.020043695799988e-08
3.4354705216522196e-07,8.707919324816591e-07,3.4497694e-07,3.4396543124185e-07,8.373166510417241e-07,7.307805235499997e-08,9.0322726971e-08
9.388755529314587e-07,9.021341397272482e-07,9.42279e-07,8.513003202896698e-07,8.607339207170405e-07,7.307579176099996e-08,9.009021320099993e-08
1.0283051136893995e-06,4.239416204054314e-07,1.0257179e-06,8.934224051092569e-07,4.2268660386169185e-07,7.308331955399993e-08,9.007276126299999e-08
1.0452235507926755e-06,5.347566644065423e-07,1.0415625e-06,8.997519855192939e-07,5.30820746862047e-07,7.308133303499997e-08,9.006952985899992e-08
1.4092076473387497e-06,5.918916818305341e-07,1.4000468e-06,9.62578113288757e-07,5.860168170305699e-07,7.308160816800005e-08,9.004304117799991e-08
1.0807699018030015e-06,4.760580918621351e-07,1.0783377e-06,9.115273640116859e-07,4.73675324222598e-07,7.308245612999995e-08,9.006457311699994e-08
9.732961266376373e-08,2.1470128482969012e-07,9.634399e-08,1.121987507215e-07,2.1728378438068e-07,7.309084950499993e-08,9.043489045699996e-08
6.782072973685069e-07,7.441679075299868e-07,6.77e-07,6.565839885589699e-07,7.29160151919833e-07,7.307829004999994e-08,9.017908869499992e-08
1.203115455880253e-06,1.4647909346380497e-06,1.2048322e-06,9.39598844011207e-07,9.842526014985e-07,7.308175828099999e-08,9.005333530999998e-08
1.3023580562823077e-06,1.4600248834359175e-08,1.3069298e-06,9.530886998788021e-07,3.6754317131599914e-08,7.309255792899987e-08,9.004908517990001e-08
7.941475589026531e-07,1.281666997338341e-06,7.9668683e-07,7.533027037741198e-07,9.757021989420908e-07,7.307850825899986e-08,9.013574031199997e-08
4.155517852567586e-08,2.511467217180291e-08,3.953257e-08,6.774236385109992e-08,4.3639820941599856e-08,7.309580340600005e-08,9.045966823999996e-08
1.3004027369150434e-06,1.0647576393305158e-06,1.3077308e-06,9.52879144330011e-07,9.429904274972342e-07,7.307648419699997e-08,9.004612713899993e-08
1.2610653562842795e-06,4.1724907944958455e-07,1.2546584e-06,9.48177066027327e-07,4.161262488515149e-07,7.308410176799992e-08,9.004916444899992e-08
3.136261270968055e-09,4.534221075341181e-07,4.7605413e-09,4.426381327970009e-08,4.5155346484312496e-07,7.308813598139994e-08,9.047292562499996e-08
1.71332371076437e-07,1.4918034924811315e-06,1.7168908e-07,1.794104850491e-07,9.850488073475694e-07,7.308464667699996e-08,9.040191073099998e-08
1.0359010260846294e-06,1.2238342011111478e-06,1.0329285e-06,8.96332208559931e-07,9.708963946788022e-07,7.3077561187e-08,9.007085186799999e-08
1.2782648280538393e-06,1.3604888206664852e-06,1.2922313e-06,9.503365863172491e-07,9.802604491983403e-07,7.308030650999992e-08,9.004844928299992e-08
1.1073100369924689e-06,1.2421637436175156e-06,1.105095e-06,9.1910669551721e-07,9.725951152975241e-07,7.307793911700003e-08,9.006092637499992e-08
1.1643120637702194e-06,2.6192110096379726e-07,1.1542421e-06,9.324053381624868e-07,2.6355462483018e-07,7.3086609921e-08,9.005624892899999e-08
2.3117541045958968e-07,8.377205761315939e-07,2.303009e-07,2.3606704830410003e-07,8.107987530183039e-07,7.307899440200006e-08,9.0373160956e-08
7.724924321099901e-07,4.467165126070278e-07,7.725469e-07,7.361453884682999e-07,4.4499195628011704e-07,7.308312816999992e-08,9.014371638599996e-08
1.3798660609565522e-06,5.782633035596746e-07,1.3671475e-06,9.6034537779489e-07,5.728985966284669e-07,7.308169349499997e-08,9.004393355999997e-08
1.3566499034628266e-06,1.028260757324916e-06,1.3601021e-06,9.58400021199844e-07,9.307024697773723e-07,7.30765804889999e-08,9.0043865604e-08
9.264981448474301e-07,1.026029263135548e-06,9.2842487e-07,8.442843409946719e-07,9.298484332795791e-07,7.307548330099992e-08,9.009348002999995e-08
1.2277327543976379e-06,1.0380233340396627e-07,1.217328e-06,9.435126325626369e-07,1.1050960924160995e-07,7.309000460799987e-08,9.00522153079999e-08
1.4732628876362256e-06,8.028245783372522e-07,1.4634965e-06,9.66719394859471e-07,7.81272247675733e-07,7.307847428499994e-08,9.004103122399994e-08
9.776349729247158e-07,2.071497304308212e-07,9.769756e-07,8.713995369900869e-07,2.0990462052265998e-07,7.308733693699992e-08,9.008337447599994e-08
1.2604105760068926e-06,1.0722092644638996e-06,1.2677448e-06,9.48095661932753e-07,9.451259389155107e-07,7.307639126199988e-08,9.004802798099992e-08
5.781633279245631e-07,7.269988883996864e-08,5.780109e-07,5.6631135390432e-07,8.210411770128e-08,7.309098339800002e-08,9.022291542069989e-08
5.014194348268426e-07,5.019640079036581e-07,5.0233535e-07,4.9466292520872e-07,4.989407759625471e-07,7.308310879799992e-08,9.025420853199992e-08
4.174591867993159e-07,1.391626626227078e-06,4.1678535e-07,4.148821639909499e-07,9.816465546664393e-07,7.308169798699992e-08,9.0291436469e-08
1.1097902779392843e-06,1.5811200912147682e-07,1.1046413e-06,9.19757047967932e-07,1.6224080469669996e-07,7.308854203299991e-08,9.006209309099994e-08
1.3373919469751578e-06,6.93008916371195e-08,1.3177946e-06,9.566435884190139e-07,7.910092260878003e-08,7.309113991800004e-08,9.004723595189989e-08
1.3780505029013218e-06,1.027160047790795e-06,1.3778342e-06,9.60201329318321e-07,9.302805394509426e-07,7.307666213699999e-08,9.0043182235e-08
5.7477454669481e-07,1.0664674948585235e-06,5.7634236e-07,5.6318527568975e-07,9.434998087492368e-07,7.307661265999988e-08,9.022180538099998e-08
2.834044507743105e-09,4.2960748299391854e-07,2.6031062e-09,4.411154638109991e-08,4.2823925152490405e-07,7.30886010248001e-08,9.047319012699996e-08
5.467812483358443e-07,1.527439539422519e-07,5.470381e-07,5.372038141070099e-07,1.5706136139709007e-07,7.308946919699997e-08,9.0235931153e-08
7.733186244367575e-07,5.801762370795327e-07,7.752322e-07,7.368091413871098e-07,5.74742877198184e-07,7.308076253999988e-08,9.014298019000002e-08
1.2003089565401786e-06,1.1201101204131485e-06,1.1996093e-06,9.391165275594101e-07,9.563803357735276e-07,7.3076606744e-08,9.005186163099992e-08
1.0990521686698787e-06,1.2980897362539891e-06,1.0957796e-06,9.16855482906502e-07,9.768055576352136e-07,7.307881190999999e-08,9.006220060399992e-08
3.034603577540707e-08,1.1715446583514606e-06,3.0023916e-08,6.012968532500005e-08,9.6484339567235e-07,7.308145039699992e-08,9.046155458999996e-08
1.0385945752267613e-06,5.305860215454825e-07,1.0377864e-06,8.973302785565199e-07,5.267730404613497e-07,7.308144814399997e-08,9.007060884199998e-08
1.0383989712730155e-06,1.3241123176061294e-06,1.0364977e-06,8.972669107019018e-07,9.783764486941445e-07,7.307903714400001e-08,9.007100081300006e-08
9.312134579189928e-07,7.199288553934363e-07,9.303024e-07,8.469887870500391e-07,7.069663977416659e-07,7.307811747699995e-08,9.009259032299991e-08
1.4773303166735418e-06,8.433630839019875e-07,1.4717997e-06,9.669534719864009e-07,8.154248768177071e-07,7.3077961592e-08,9.004090129200001e-08
3.758962020051606e-07,9.29827249977524e-07,3.7572434e-07,3.750479201585999e-07,8.797166635510994e-07,7.307738537900003e-08,9.0308265025e-08
7.186365772098384e-07,6.443112599367473e-07,7.1906123e-07,6.915417895458399e-07,6.361182625772459e-07,7.307983171499987e-08,9.016349632200004e-08
1.008023762069712e-06,1.7636391591357256e-07,1.0078107e-06,8.851727814101047e-07,1.7991759465094995e-07,7.308800039899982e-08,9.007728575099993e-08
1.4889520146817576e-06,9.350175830916012e-07,1.4814187e-06,9.67605497256816e-07,8.830560278893496e-07,7.307716095799991e-08,9.004059220099993e-08
9.108349480672052e-07,1.4190233977358538e-07,9.1185956e-07,8.349943883981629e-07,1.4663449353637006e-07,7.308867218900004e-08,9.009998249799991e-08
8.790314883374956e-07,1.2390793407420938e-06,8.808296e-07,8.148127334015398e-07,9.723237365395986e-07,7.307772329399991e-08,9.010761955399987e-08
3.655401371224354e-07,3.7021799680705953e-07,3.6602924e-07,3.651021049247401e-07,3.699687540777799e-07,7.3086109925e-08,9.03144444499999e-08
1.214496271945814e-06,2.8901288864267996e-07,1.210734e-06,9.414578929709629e-07,2.9016239812479004e-07,7.308633213799994e-08,9.0052401962e-08
1.0030479782145098e-06,7.760559236940034e-07,1.0035578e-06,8.830379287202898e-07,7.57814538650189e-07,7.307730386199994e-08,9.007622955599989e-08
6.329372476785621e-07,6.224946463132865e-07,6.3430787e-07,6.162941735197599e-07,6.153435626162439e-07,7.308048597700003e-08,9.019791321599993e-08
1.329860488578578e-06,7.896688560814505e-07,1.3269039e-06,9.559232741121569e-07,7.698203388268521e-07,7.307806050199993e-08,9.0044949671e-08
1.1168888902777842e-06,5.549304252972516e-07,1.1167176e-06,9.21601294486742e-07,5.503668727930821e-07,7.308119242200003e-08,9.005993879899997e-08
9.32877006377935e-07,5.095948833077655e-07,9.357023e-07,8.47933008094838e-07,5.06369523912807e-07,7.308177217999994e-08,9.009277858699992e-08
1.640387859972532e-07,1.3234835837468234e-06,1.6360106e-07,1.7258734602689993e-07,9.783478562033751e-07,7.308195557599994e-08,9.040434180299993e-08
4.790655500427429e-07,1.6245185410818308e-07,4.782874e-07,4.7353287813842e-07,1.6643493383889994e-07,7.308955014999999e-08,9.026519954299999e-08
6.803901384928967e-07,1.0409962096607875e-06,6.830343e-07,6.584998573655499e-07,9.353640123876673e-07,7.307605128999998e-08,9.017803567399994e-08
5.613755222730336e-07,1.166133107957501e-08,5.5999766e-07,5.5077721048368e-07,3.498247717330013e-08,7.309273752899993e-08,9.023056686200004e-08
1.4401238567369787e-06,8.948442222000086e-07,1.4351244e-06,9.64691268155313e-07,8.554525082231137e-07,7.307725636699996e-08,9.004151464399992e-08
1.3751824213705679e-06,1.1910389749054848e-06,1.3786679e-06,9.59970123268561e-07,9.673332517326624e-07,7.307814329800006e-08,9.004389882999993e-08
2.65046683933997e-07,5.455423731151378e-07,2.676414e-07,2.684992311499998e-07,5.41279416493334e-07,7.308346562200005e-08,9.035878343500002e-08
1.3291422410239788e-06,8.238400506948377e-07,1.3252462e-06,9.5585339943714e-07,7.992135645858629e-07,7.307755001899996e-08,9.004493190399996e-08
6.685160914069779e-07,3.417954155459408e-07,6.6946455e-07,6.4805030037313e-07,3.4204064092399e-07,7.308542895399992e-08,9.018438375499995e-08
1.1731679119149531e-06,3.6433288368240893e-07,1.1713286e-06,9.34163329120501e-07,3.6418707685359996e-07,7.308482296499995e-08,9.005513084999996e-08
3.4295218000264343e-07,7.899494522469677e-07,3.4326646e-07,3.433931292591599e-07,7.700726248451001e-07,7.307903672599995e-08,9.032318565099993e-08
9.219680772900528e-09,5.179833386714211e-07,1.13897345e-08,4.745300013020002e-08,5.14530493589959e-07,7.308677390219996e-08,9.047036366199996e-08
8.025249880249981e-07,9.399458501255541e-07,8.046847e-07,7.597936439509998e-07,8.861815425762781e-07,7.307566273999996e-08,9.013164791799993e-08
6.769183756646344e-07,3.4017570751255823e-07,6.7579555e-07,6.5545144154601e-07,3.4044872880433e-07,7.308534733899993e-08,9.018093637299994e-08
1.4004334865900786e-06,1.1197105821203084e-06,1.3902238e-06,9.61938303719742e-07,9.563004252387837e-07,7.307745716499985e-08,9.004283854799997e-08
4.666727939808807e-07,1.267138581020712e-06,4.6603986e-07,4.6178443794946003e-07,9.746426120053951e-07,7.30794506039999e-08,9.026919443999992e-08
1.3385379021985435e-06,1.9498419039716316e-07,1.3317934e-06,9.56751871150849e-07,1.9803431598673008e-07,7.308862977799999e-08,9.004659507899993e-08
1.1286206067653877e-06,3.638998638712833e-07,1.1228004e-06,9.24509563723486e-07,3.6376168306746997e-07,7.308463239999991e-08,9.005925974399989e-08
2.1555355992252022e-07,5.482987440388082e-08,2.1568538e-07,2.2117127381559998e-07,6.664377927143997e-08,7.309319606699996e-08,9.03829696998999e-08
1.044958305999565e-06,1.064990294413941e-06,1.0436204e-06,8.99660736181958e-07,9.430611690457008e-07,7.307573846399995e-08,9.006881207000001e-08
3.76964065686309e-07,1.122426716434052e-06,3.7756357e-07,3.7607543415674e-07,9.568411679539686e-07,7.3077987338e-08,9.030812818799996e-08
6.980511840650664e-07,3.160926598654422e-07,6.9785415e-07,6.7387787054577e-07,3.1677662279391994e-07,7.308575735699992e-08,9.01726283439999e-08
1.1634857172943434e-06,6.097710991661297e-07,1.1571029e-06,9.322388477728079e-07,6.031738526894349e-07,7.3080302985e-08,9.005513910299994e-08
1.3360242742884596e-06,3.78949863148494e-07,1.3231488e-06,9.56514744096063e-07,3.7854421473144004e-07,7.30850866259999e-08,9.004597188699997e-08
9.08514498657164e-07,5.686793513787376e-07,9.0964977e-07,8.335826153654471e-07,5.63654727134181e-07,7.30806946799999e-08,9.009912247699993e-08
7.278371017355787e-07,1.3391460391590608e-06,7.2808825e-07,6.993413623668601e-07,9.791975811044005e-07,7.307963880899992e-08,9.016061720400002e-08
1.421629860313125e-06,1.1385391886495843e-06,1.408348e-06,9.634575201805392e-07,9.597641572539528e-07,7.307778475499992e-08,9.004237589799994e-08
3.411982747135234e-08,5.0426808125284e-07,3.560884e-08,6.261450508989999e-08,5.01185180677115e-07,7.308642207299991e-08,9.046066745600004e-08
2.883691988599812e-07,6.259534431612235e-07,2.9081104e-07,2.9089973767119986e-07,6.18646160035775e-07,7.308192781800001e-08,9.034808227199991e-08
2.4675689916276357e-07,2.5500457745624194e-07,2.4557127e-07,2.5096664017920005e-07,2.5676689712470983e-07,7.308885490699992e-08,9.036806677100001e-08
5.625774778537199e-07,1.7880194134285396e-07,5.618102e-07,5.518923273628901e-07,1.8228543229142002e-07,7.308883569799997e-08,9.022904535300004e-08
4.989756820322215e-07,9.152497189490981e-07,4.975474e-07,4.9235866029078e-07,8.699471519179718e-07,7.307695303199997e-08,9.0254179276e-08
1.1964802498170485e-06,1.1978199404853369e-06,1.1972745e-06,9.384575119120741e-07,9.681323725258611e-07,7.307753745099997e-08,9.005246513499994e-08
3.9605752937527053e-07,3.5523339263505544e-07,3.9702982e-07,3.943854450613e-07,3.552468998082301e-07,7.308623424700002e-08,9.030093655100003e-08
2.125998656482217e-07,1.1151745281951582e-06,2.1624795e-07,2.183676934396999e-07,9.554072709901405e-07,7.307878610699996e-08,9.0381643164e-08
3.0941464600110715e-08,1.8611762220983447e-07,3.008366e-08,6.050695591399992e-08,1.893987912356598e-07,7.309243085399995e-08,9.046309966199996e-08
3.9405926786180437e-07,1.1443197121071224e-08,3.9307034e-07,3.9247012412348e-07,3.4854296150199996e-08,7.309349559599991e-08,9.03035516602e-08
6.796145464598608e-07,2.991446664982473e-07,6.7904847e-07,6.5781762161582e-07,3.001188691039599e-07,7.308616436199995e-08,9.018002733299996e-08
9.424511440448507e-07,8.261056346063241e-07,9.450019e-07,8.53273464078071e-07,8.01121078127401e-07,7.307661010999987e-08,9.0089533149e-08
1.269569901503056e-06,1.155396128033745e-06,1.2748325e-06,9.492658343331587e-07,9.624973091181505e-07,7.307725400399996e-08,9.004786431399994e-08
1.4512727923902109e-06,1.1404996907330751e-06,1.4306527e-06,9.654010689449779e-07,9.600985974131026e-07,7.307793251099992e-08,9.004176273699994e-08
3.883239102892659e-07,8.91795611891848e-07,3.9027077e-07,3.869720803757e-07,8.532238531797629e-07,7.307764025099986e-08,9.030281306299991e-08
8.680856204944555e-07,2.4938971032154513e-07,8.6863486e-07,8.074636431933821e-07,2.5125840134375e-07,7.308660248499992e-08,9.011203582099996e-08
9.229416639530888e-07,6.707567321004276e-07,9.2138424e-07,8.422125921722509e-07,6.611243510337829e-07,7.307890297899993e-08,9.009485371800005e-08
6.544812328944063e-07,2.7503236733009266e-07,6.5216994e-07,6.3560015555675e-07,2.7642838240158986e-07,7.308668416399984e-08,9.0190257729e-08
9.035562642372729e-07,3.698964728583278e-07,9.034553e-07,8.305297307525821e-07,3.696525811592899e-07,7.308425850099993e-08,9.010118687600004e-08
4.1235920424012594e-07,7.392342170900503e-07,4.1332626e-07,4.0999653993832e-07,7.24670492491723e-07,7.307948313199991e-08,9.029247693799998e-08
6.278770531771486e-07,1.1784994125777809e-06,6.2755396e-07,6.1173091529974e-07,9.65768206614483e-07,7.307763104199997e-08,9.019995038399989e-08
8.292770966952936e-07,9.287055907792444e-07,8.3139014e-07,7.799600856903998e-07,8.789768371386365e-07,7.307565857599997e-08,9.012256206299988e-08
4.893185357253756e-07,1.0886829972829304e-08,4.868187e-07,4.8323640462907e-07,3.4527231288299985e-08,7.309310130499989e-08,9.026166049760004e-08
1.3105520295779051e-06,1.4543130444703363e-06,1.3127842e-06,9.53975652914728e-07,9.839233412078025e-07,7.308198622899997e-08,9.004745403699994e-08
8.423106042146133e-07,1.3601468631240407e-06,8.4484196e-07,7.8944865885953e-07,9.802465507104343e-07,7.307970435499993e-08,9.0119635645e-08
1.628713090234057e-07,1.459775651767139e-06,1.6529141e-07,1.7150619908129992e-07,9.841028072369674e-07,7.308424244299992e-08,9.040556204300002e-08
1.2949068953187292e-06,1.3660106000375628e-06,1.3071162e-06,9.522730454321801e-07,9.80519489324903e-07,7.308045757999991e-08,9.004764231699999e-08
5.90139998060561e-07,1.2592781007437124e-06,5.914379e-07,5.773417839674299e-07,9.740297703613723e-07,7.307887649199995e-08,9.0216000643e-08
1.2386303587377658e-06,2.1335695554403726e-07,1.2254869e-06,9.451146353316568e-07,2.1596966190990003e-07,7.3087820833e-08,9.005118719999988e-08
1.4829340974745082e-07,2.862326079696697e-07,1.5015867e-07,1.5796038698239992e-07,2.874308918816e-07,7.3088942412e-08,9.04120801799999e-08
2.095590301904185e-07,4.309083997348384e-07,2.0945642e-07,2.1547043706019988e-07,4.2951384547201394e-07,7.308583330099999e-08,9.038411975599999e-08
1.01789175495315e-06,1.0896610343707463e-06,1.0195571e-06,8.89284379578585e-07,9.496936631001372e-07,7.307587183399999e-08,9.0073426721e-08
1.1405649572991585e-06,1.3873287991247879e-06,1.1368463e-06,9.273157842189479e-07,9.814622400721427e-07,7.308031483699999e-08,9.005816356699989e-08
2.7940199311316138e-08,1.070621678333421e-06,2.9536087e-08,5.85606595741999e-08,9.446945130901831e-07,7.308041107899988e-08,9.046214830899988e-08
1.6235710225465948e-07,8.888796863833256e-07,1.63704e-07,1.710034175476999e-07,8.51067070111768e-07,7.3078929764e-08,9.040396336800002e-08
